<?xml version="1.0" encoding="UTF-8" standalone="yes"?>
<addon id="plugin.video.mobdro" name="Mobdro" version="1.2" provider-name="Anonimous">
	<requires>
		<import addon="xbmc.python" version="2.1.0"/>
		<import addon="script.module.livestreamer" />
		<import addon="script.module.requests" />
		<import addon="script.module.routing" />
	</requires>
	<extension point="xbmc.python.pluginsource" library="addon.py">
		<provides>video</provides>
	</extension>
	<extension point="xbmc.addon.metadata">
		<summary lang="en_gb">Mobdro</summary>
		<description lang="en_gb">Mobdro</description>
		<disclaimer lang="en_gb"></disclaimer>
		<language></language>
		<platform>all</platform>
		<license></license>
		<forum></forum>
		<website></website>
		<email></email>
		<source></source>
	</extension>
</addon>
